no,slug,name_th,name_en,category,price_from,materials,technique_th,technique_en,hours,size,colours,status,featured,images,story_th,story_en,added,dummy
1,sage-market-tote,กระเป๋าตลาดสีเซจ,Sage Market Tote,bag,1290,cotton-yarn,โครเชต์,Crochet,16,38 × 32 cm,sage,ready,yes,sage-market-tote.png,ใบใหญ่ใส่ของได้เยอะ ลายตาข่ายโปร่ง น้ำหนักเบา ถือไปตลาดหรือไปทำงานก็สวย,"Roomy and light in an open V-stitch, as lovely at the market as at work.",2026-09-20,yes
2,rose-market-tote,กระเป๋าตลาดสีกุหลาบ,Rose Market Tote,bag,1290,cotton-yarn,โครเชต์,Crochet,16,38 × 32 cm,rose,made-to-order,,rose-market-tote.png,ใบใหญ่ใส่ของได้เยอะ ลายตาข่ายโปร่ง น้ำหนักเบา ถือไปตลาดหรือไปทำงานก็สวย,"Roomy and light in an open V-stitch, as lovely at the market as at work.",2026-08-11,yes
3,indigo-market-tote,กระเป๋าตลาดสีคราม,Indigo Market Tote,bag,1290,cotton-yarn,โครเชต์,Crochet,16,38 × 32 cm,indigo,ready,,indigo-market-tote.png,ใบใหญ่ใส่ของได้เยอะ ลายตาข่ายโปร่ง น้ำหนักเบา ถือไปตลาดหรือไปทำงานก็สวย,"Roomy and light in an open V-stitch, as lovely at the market as at work.",2026-08-12,yes
4,mustard-market-tote,กระเป๋าตลาดสีมัสตาร์ด,Mustard Market Tote,bag,1290,cotton-yarn,โครเชต์,Crochet,16,38 × 32 cm,mustard,made-to-order,,mustard-market-tote.png,ใบใหญ่ใส่ของได้เยอะ ลายตาข่ายโปร่ง น้ำหนักเบา ถือไปตลาดหรือไปทำงานก็สวย,"Roomy and light in an open V-stitch, as lovely at the market as at work.",2026-08-13,yes
5,terracotta-market-tote,กระเป๋าตลาดสีดินเผา,Terracotta Market Tote,bag,1290,cotton-yarn,โครเชต์,Crochet,16,38 × 32 cm,terracotta,made-to-order,,terracotta-market-tote.png,ใบใหญ่ใส่ของได้เยอะ ลายตาข่ายโปร่ง น้ำหนักเบา ถือไปตลาดหรือไปทำงานก็สวย,"Roomy and light in an open V-stitch, as lovely at the market as at work.",2026-08-14,yes
6,lilac-market-tote,กระเป๋าตลาดสีม่วงไลแลค,Lilac Market Tote,bag,1290,cotton-yarn,โครเชต์,Crochet,16,38 × 32 cm,lilac,ready,,lilac-market-tote.png,ใบใหญ่ใส่ของได้เยอะ ลายตาข่ายโปร่ง น้ำหนักเบา ถือไปตลาดหรือไปทำงานก็สวย,"Roomy and light in an open V-stitch, as lovely at the market as at work.",2026-08-15,yes
7,moon-filet-tote,ตาข่ายจันทร์,Moon Filet Tote,bag,1190,cotton-cord,โครเชต์,Crochet,18,40 × 36 cm,cream,ready,yes,moon-filet-tote.png,กระเป๋าสะพายลายตาข่ายฟิเลต์ พร้อมพู่ลูกปัดถักมือ,A filet-mesh shoulder tote with a hand-crocheted bead tassel.,2026-09-18,yes
8,sky-filet-tote,ตาข่ายฟ้า,Sky Filet Tote,bag,1190,cotton-cord,โครเชต์,Crochet,18,40 × 36 cm,sky,made-to-order,,sky-filet-tote.png,กระเป๋าสะพายลายตาข่ายฟิเลต์ พร้อมพู่ลูกปัดถักมือ,A filet-mesh shoulder tote with a hand-crocheted bead tassel.,2026-08-07,yes
9,sage-filet-tote,ตาข่ายเซจ,Sage Filet Tote,bag,1190,cotton-cord,โครเชต์,Crochet,18,40 × 36 cm,sage,ready,,sage-filet-tote.png,กระเป๋าสะพายลายตาข่ายฟิเลต์ พร้อมพู่ลูกปัดถักมือ,A filet-mesh shoulder tote with a hand-crocheted bead tassel.,2026-08-08,yes
10,blush-filet-tote,ตาข่ายชมพูอ่อน,Blush Filet Tote,bag,1190,cotton-cord,โครเชต์,Crochet,18,40 × 36 cm,blush,made-to-order,,blush-filet-tote.png,กระเป๋าสะพายลายตาข่ายฟิเลต์ พร้อมพู่ลูกปัดถักมือ,A filet-mesh shoulder tote with a hand-crocheted bead tassel.,2026-08-09,yes
11,apricot-rope-tote,กระเป๋าเชือกฟอกสีแอปริคอต,Apricot Rope Tote,bag,990,rope-yarn,โครเชต์,Crochet,12,30 × 34 cm,apricot,ready,yes,apricot-rope-tote.png,กระเป๋าทรงถังจากเชือกฟอก แข็งแรง ทรงสวย ติดกระดุมกะลา,"A sturdy bucket tote in rope yarn, closed with a coconut-shell button.",2026-09-25,yes
12,olive-rope-tote,กระเป๋าเชือกฟอกสีมะกอก,Olive Rope Tote,bag,990,rope-yarn,โครเชต์,Crochet,12,30 × 34 cm,olive,ready,,olive-rope-tote.png,กระเป๋าทรงถังจากเชือกฟอก แข็งแรง ทรงสวย ติดกระดุมกะลา,"A sturdy bucket tote in rope yarn, closed with a coconut-shell button.",2026-07-11,yes
13,cocoa-rope-tote,กระเป๋าเชือกฟอกสีโกโก้,Cocoa Rope Tote,bag,990,rope-yarn,โครเชต์,Crochet,12,30 × 34 cm,chocolate,made-to-order,,cocoa-rope-tote.png,กระเป๋าทรงถังจากเชือกฟอก แข็งแรง ทรงสวย ติดกระดุมกะลา,"A sturdy bucket tote in rope yarn, closed with a coconut-shell button.",2026-07-12,yes
14,navy-rope-tote,กระเป๋าเชือกฟอกสีกรมท่า,Navy Rope Tote,bag,990,rope-yarn,โครเชต์,Crochet,12,30 × 34 cm,navy,made-to-order,,navy-rope-tote.png,กระเป๋าทรงถังจากเชือกฟอก แข็งแรง ทรงสวย ติดกระดุมกะลา,"A sturdy bucket tote in rope yarn, closed with a coconut-shell button.",2026-07-13,yes
15,cream-rope-tote,กระเป๋าเชือกฟอกสีครีม,Cream Rope Tote,bag,990,rope-yarn,โครเชต์,Crochet,12,30 × 34 cm,cream,ready,,cream-rope-tote.png,กระเป๋าทรงถังจากเชือกฟอก แข็งแรง ทรงสวย ติดกระดุมกะลา,"A sturdy bucket tote in rope yarn, closed with a coconut-shell button.",2026-07-14,yes
16,indigo-bloom,กระเป๋าดอกคราม,The Indigo Bloom,bag,890,cotton-cord|indigo-cloth,โครเชต์,Crochet,20,24 × 16 cm,cream|indigo,ready,yes,indigo-bloom.png,กระเป๋าทรงกลมนุ่ม ประดับดอกไม้ผ้าครามที่แม่พับเองทีละกลีบ,A soft rounded bag with an indigo-cloth flower Mom folds petal by petal.,2026-09-28,yes
17,mint-bloom,กระเป๋าดอกครามสีมิ้นต์,Mint Bloom,bag,890,cotton-cord|indigo-cloth,โครเชต์,Crochet,20,24 × 16 cm,mint|indigo,made-to-order,,mint-bloom.png,กระเป๋าทรงกลมนุ่ม ประดับดอกไม้ผ้าครามที่แม่พับเองทีละกลีบ,A soft rounded bag with an indigo-cloth flower Mom folds petal by petal.,2026-07-16,yes
18,blush-bloom,กระเป๋าดอกครามสีชมพู,Blush Bloom,bag,890,cotton-cord|indigo-cloth,โครเชต์,Crochet,20,24 × 16 cm,blush|indigo,made-to-order,,blush-bloom.png,กระเป๋าทรงกลมนุ่ม ประดับดอกไม้ผ้าครามที่แม่พับเองทีละกลีบ,A soft rounded bag with an indigo-cloth flower Mom folds petal by petal.,2026-07-17,yes
19,sunflower-phone-pouch,ถุงมือถือทานตะวัน,Sunflower Phone Pouch,accessory,390,cotton-yarn,โครเชต์,Crochet,8,11 × 19 cm,sunflower|cream,ready,yes,sunflower-phone-pouch.png,ถุงใส่มือถือลายกรานนี่สแควร์ สายสะพายถักมือ,A granny-square phone pouch with a hand-crocheted strap.,2026-09-22,yes
20,bluebell-phone-pouch,ถุงมือถือดอกฟ้า,Bluebell Phone Pouch,accessory,390,cotton-yarn,โครเชต์,Crochet,8,11 × 19 cm,sky|cream,ready,,bluebell-phone-pouch.png,ถุงใส่มือถือลายกรานนี่สแควร์ สายสะพายถักมือ,A granny-square phone pouch with a hand-crocheted strap.,2026-08-02,yes
21,peony-phone-pouch,ถุงมือถือดอกโบตั๋น,Peony Phone Pouch,accessory,390,cotton-yarn,โครเชต์,Crochet,8,11 × 19 cm,rose|cream,made-to-order,,peony-phone-pouch.png,ถุงใส่มือถือลายกรานนี่สแควร์ สายสะพายถักมือ,A granny-square phone pouch with a hand-crocheted strap.,2026-08-03,yes
22,sage-coasters,ที่รองแก้วสีเซจ,Sage Coasters,accessory,450,cotton-yarn,โครเชต์,Crochet,5,Ø 10 cm × 4,sage,ready,,sage-coasters.png,ที่รองแก้วถักวงกลม ชุดละ 4 ชิ้น ซับน้ำดี,"Round crochet coasters, set of four, soft and absorbent.",2026-06-21,yes
23,indigo-coasters,ที่รองแก้วสีคราม,Indigo Coasters,accessory,450,cotton-yarn,โครเชต์,Crochet,5,Ø 10 cm × 4,indigo,ready,,indigo-coasters.png,ที่รองแก้วถักวงกลม ชุดละ 4 ชิ้น ซับน้ำดี,"Round crochet coasters, set of four, soft and absorbent.",2026-06-22,yes
24,butter-coasters,ที่รองแก้วสีเนย,Butter Coasters,accessory,450,cotton-yarn,โครเชต์,Crochet,5,Ø 10 cm × 4,mustard,ready,,butter-coasters.png,ที่รองแก้วถักวงกลม ชุดละ 4 ชิ้น ซับน้ำดี,"Round crochet coasters, set of four, soft and absorbent.",2026-06-23,yes
25,terracotta-coasters,ที่รองแก้วสีดินเผา,Terracotta Coasters,accessory,450,cotton-yarn,โครเชต์,Crochet,5,Ø 10 cm × 4,terracotta,ready,,terracotta-coasters.png,ที่รองแก้วถักวงกลม ชุดละ 4 ชิ้น ซับน้ำดี,"Round crochet coasters, set of four, soft and absorbent.",2026-06-24,yes
26,daisy-charm,พวงกุญแจดอกเดซี่,Daisy Charm,accessory,190,cotton-yarn,โครเชต์,Crochet,2,6 cm,cream,ready,,daisy-charm.png,พวงกุญแจดอกไม้ถักมือ ห้อยกระเป๋าหรือกุญแจก็น่ารัก,A hand-crocheted flower charm for keys or a bag.,2026-06-25,yes
27,indigo-flower-charm,พวงกุญแจดอกคราม,Indigo Flower Charm,accessory,190,cotton-yarn,โครเชต์,Crochet,2,6 cm,indigo,ready,,indigo-flower-charm.png,พวงกุญแจดอกไม้ถักมือ ห้อยกระเป๋าหรือกุญแจก็น่ารัก,A hand-crocheted flower charm for keys or a bag.,2026-06-26,yes
28,rose-flower-charm,พวงกุญแจดอกกุหลาบ,Rose Flower Charm,accessory,190,cotton-yarn,โครเชต์,Crochet,2,6 cm,rose,ready,,rose-flower-charm.png,พวงกุญแจดอกไม้ถักมือ ห้อยกระเป๋าหรือกุญแจก็น่ารัก,A hand-crocheted flower charm for keys or a bag.,2026-06-27,yes
29,indigo-weave-tee,เสื้อแถบผ้าทอคราม,Indigo Weave Tee,tee,690,thai-silk|cotton,ปักมือ + ผ้าทอ,Hand embroidery + woven cloth,6,S–XL,indigo,coming-soon,,indigo-weave-tee.png,เสื้อยืดปักลายประเพณีไทย พร้อมแถบผ้าทอพื้นเมือง กำลังพัฒนา,A tee with Thai festival embroidery and a strip of local hand-woven cloth. In development.,2026-10-01,yes
30,apricot-weave-tee,เสื้อแถบผ้าทอแอปริคอต,Apricot Weave Tee,tee,690,thai-silk|cotton,ปักมือ + ผ้าทอ,Hand embroidery + woven cloth,6,S–XL,apricot,coming-soon,,apricot-weave-tee.png,เสื้อยืดปักลายประเพณีไทย พร้อมแถบผ้าทอพื้นเมือง กำลังพัฒนา,A tee with Thai festival embroidery and a strip of local hand-woven cloth. In development.,2026-10-01,yes
31,sage-weave-tee,เสื้อแถบผ้าทอเซจ,Sage Weave Tee,tee,690,thai-silk|cotton,ปักมือ + ผ้าทอ,Hand embroidery + woven cloth,6,S–XL,sage,coming-soon,,sage-weave-tee.png,เสื้อยืดปักลายประเพณีไทย พร้อมแถบผ้าทอพื้นเมือง กำลังพัฒนา,A tee with Thai festival embroidery and a strip of local hand-woven cloth. In development.,2026-10-01,yes
32,night-weave-tee,เสื้อครามแถบผ้าทอ,Night Weave Tee,tee,690,thai-silk|cotton,ปักมือ + ผ้าทอ,Hand embroidery + woven cloth,6,S–XL,navy,coming-soon,,night-weave-tee.png,เสื้อยืดปักลายประเพณีไทย พร้อมแถบผ้าทอพื้นเมือง กำลังพัฒนา,A tee with Thai festival embroidery and a strip of local hand-woven cloth. In development.,2026-10-01,yes
